user,total_volume,trade_count,first_trade,last_trade,total_volume_usd,share_pct
0x32c8c8bedee1beedc368f1c9aa8c705a52a05d67,10653931.30823,914,2025-11-14,2025-11-27,"$10,653,931.31",22.9
0x32aeb12ae72e49e0570eeca789f2966426ca4d61,7328616.47754,867,2025-11-13,2025-11-14,"$7,328,616.48",15.75
0x006892471210351f1bbadd62f776d502cf35d205,3025783.399905,11612,2025-11-23,2025-12-26,"$3,025,783.40",6.5
0x34f9cb009f83e1d8badb318b253d3e7d6fe25197,2591154.20858,990,2025-11-10,2025-12-23,"$2,591,154.21",5.57
0x78deb5b06e7981973cdddd08330a76fdd228baa9,2567903.123816,559,2025-11-14,2025-12-30,"$2,567,903.12",5.52
0x9a5350d26c7811991f42175a04a5605e2c41bbc8,2267439.6806,523,2025-11-10,2025-12-01,"$2,267,439.68",4.87
0x5161875a800d34f7685a8f0cf86d2f4320083c5b,1476797.96863,331,2025-11-11,2025-12-09,"$1,476,797.97",3.17
0xc95a13951de972704cbe2d299baf03a235f06a3d,1322613.80144,275,2025-11-16,2025-11-22,"$1,322,613.80",2.84
0x90cdb53b3a521d1766c41e0717ab5ab49a1c1294,1211023.953198,510,2025-11-10,2025-11-24,"$1,211,023.95",2.6
0x9f8039b746393a8d49f562a509c6732595417b67,1110371.4834,232,2025-11-14,2025-11-16,"$1,110,371.48",2.39
0x0a7194a791cf5ff2d8628289d1eba2c4db5ae1fa,1051556.95658,370,2025-11-25,2025-12-01,"$1,051,556.96",2.26
0x9044756807a793432b1592d1eb538b827ea4f627,1044554.2230400001,440,2025-11-10,2025-11-14,"$1,044,554.22",2.24
0xb3a76f0c9fb5c72fdb61dc99098c3c7d80c4d7e3,967370.86465,331,2025-11-14,2025-11-22,"$967,370.86",2.08
0x626a3031acaec29eb60aa23eac84cee59c5e1b5f,678991.812892,369,2025-11-17,2025-12-18,"$678,991.81",1.46
0x2e5986e5039c69132150a59dd923ab8f013da8c9,485076.1139,75,2025-11-11,2025-12-11,"$485,076.11",1.04
0x46cd47e3676586a1b945169b969b37589a723b0c,465176.17376,355,2025-11-25,2025-12-16,"$465,176.17",1.0
0xa35db2cf9593e60b48ee48a98a0cc676ab42c3ec,368550.33892,97,2025-11-29,2025-11-30,"$368,550.34",0.79
0x03023515b6e23ef5d778b286a79f7adf90cffb5f,285595.9554,132,2025-11-25,2025-11-25,"$285,595.96",0.61
0x0805fda10c501efd88b0c7b45b802ebdd44cf03d,279704.2625,118,2025-11-15,2025-11-24,"$279,704.26",0.6
0x70c804586e25ab44892f141eef39e55382f143aa,254503.25273500002,195,2025-11-16,2025-12-31,"$254,503.25",0.55
0xa2e2466e70bb5c89fbf8652c04026a246b5c8093,216547.75125,64,2025-11-27,2025-12-09,"$216,547.75",0.47
0x3bcd454b704e8f4c3d0d614dff88dab0732dd9a3,208780.265295,297,2025-11-21,2025-12-21,"$208,780.27",0.45
0xf225d29716e58be72f30f3b90fb3973175528700,207484.80405,101,2025-11-11,2025-11-24,"$207,484.80",0.45
0x07c37e4ab443fa95617c82dc2b9c720a531bd5df,206750.96979,45,2025-11-22,2025-11-22,"$206,750.97",0.44
0x4a22a44630b2b1a3f56893073705d5d1706f230e,205784.41359,357,2025-11-11,2025-12-01,"$205,784.41",0.44
0xa8e6d9879ead1a26763633839f5138a0379dd471,203964.74980800002,56,2025-11-22,2025-11-25,"$203,964.75",0.44
0x894b5c89cfba642eb62f3f9a6b7ff8b2dc68014e,165982.07729,20,2025-11-25,2025-12-09,"$165,982.08",0.36
0xb8186724cfbaa989fc111ff84f5e894d02c7c909,163770.08868,43,2025-11-07,2025-11-19,"$163,770.09",0.35
0x2d90b32b8dac450f8345ba7c17a4d84adb7675ed,155315.17578,119,2025-11-17,2025-12-05,"$155,315.18",0.33
0x8dfa8a26cb76cb4ea30e2a5a6c1147a558530378,146708.75018,125,2025-11-14,2025-11-24,"$146,708.75",0.32
0xbc7fdaeb9846ced2dcc5af1ad1e3b6b3b3b4e3d5,138992.5762,38,2025-11-22,2025-12-30,"$138,992.58",0.3
0x2f77fbbc9ad7fd9c6da29f7f11f5296beff188ad,127466.45036,80,2025-11-22,2025-11-22,"$127,466.45",0.27
0x3135fdd30693557b2721c1b51cce4510efb3d83d,116692.387188,381,2025-11-13,2025-12-31,"$116,692.39",0.25
0xdb0943e81f5a6784c3758ee33da0c1c8727d1c7e,105099.9705,28,2025-11-10,2025-11-12,"$105,099.97",0.23
0x931218809631175e1e2efc4b5dcb08c84901a1d1,104368.33244,59,2025-11-10,2025-11-13,"$104,368.33",0.22
0xf70d800367c13f5ddbc0780ab92297f4b18d2e92,100754.77192,126,2025-11-26,2025-12-10,"$100,754.77",0.22
0xaac00cf336e7573a958a5194cee142b85fba9e6b,99678.01092,50,2025-11-20,2025-11-23,"$99,678.01",0.21
0x377d9cd94a8ab11c0bb53ca1ddfa08e28735feb1,96251.0043,32,2025-11-14,2025-11-25,"$96,251.00",0.21
0x2c7062c757449251de533f2eca0c146d791e66f0,94723.31841,16,2025-11-18,2025-11-21,"$94,723.32",0.2
0x34cf5570f4b6d74a1993db7133838910f6b5494b,93096.4089,65,2025-11-14,2025-11-14,"$93,096.41",0.2
0xb82ac2e9a467dd985389bbb127d24144d2bf799e,92035.77099,23,2025-11-26,2025-11-27,"$92,035.77",0.2
0xded1fa4ed4ed2920ecb1792d5c1f760976935e4a,91398.665956,276,2025-11-13,2025-12-26,"$91,398.67",0.2
0xc6f1288286e19536af3b40c9212ccf5664acad88,89574.91778,68,2025-12-15,2025-12-31,"$89,574.92",0.19
0xd63325d39accc49b140bea09890e1cf12022664b,87679.51062,501,2025-11-24,2025-12-29,"$87,679.51",0.19
0x9c81c7a71a91f8f304f9895715c6f9ccf23fe065,82234.89975,9,2025-11-23,2025-11-24,"$82,234.90",0.18
0xbc61a346ce4a6db6a1ca8b26c1844dba8f78ddde,81764.46528,154,2025-11-25,2025-12-09,"$81,764.47",0.18
0xeee17f5fb1bb778a2489d312cffaf58ccd4b5a15,80667.98202,57,2025-11-27,2025-12-31,"$80,667.98",0.17
0x63963d237a83b6190cd86542530cbb103d938254,79748.61131,104,2025-11-06,2025-12-22,"$79,748.61",0.17
0x6df0a5ddf78cae7ed0d7644cbe059a30281b8b89,77536.38931,6,2025-12-08,2025-12-08,"$77,536.39",0.17
0xb3f0d183a2a5e1decb826f381f2f943b90d8b9a4,77420.70404,162,2025-11-25,2025-12-08,"$77,420.70",0.17
0x361508c617f3ecab8a2bf261d9a56fd82779e84e,72994.51518999999,33,2025-11-19,2025-11-23,"$72,994.52",0.16
0x6b73a6865460294b463a0dfc5f697d2984908399,71387.88255000001,25,2025-11-18,2025-11-19,"$71,387.88",0.15
0x5e42454be62adf7468c2b67d33b5243931e3cf77,70932.04507000001,72,2025-11-10,2025-11-17,"$70,932.05",0.15
0xe317b8ed60ef2d403efed2549470fe8d25b44e85,70462.67461,122,2025-11-14,2025-11-15,"$70,462.67",0.15
0xc11c2808d379fab113aebc77b2eb9a88a0868f4c,67832.56621,73,2025-11-14,2025-11-25,"$67,832.57",0.15
0xd4e59e6cbb85810164c22ec8ecff56ed3bf2f10e,67581.23585,40,2025-11-15,2025-12-09,"$67,581.24",0.15
0xaae7ce8511b4517683f9269cfa11101192af4d9d,65883.12082,93,2025-11-28,2025-12-27,"$65,883.12",0.14
0x595c1d527b5ed1a3c8b301d5e589b13f7764df11,64798.461670000004,115,2025-11-14,2025-11-14,"$64,798.46",0.14
0xbed6badcbb32fed7172b79b0d480ccccc8bf593d,64792.215425,157,2025-11-16,2025-11-25,"$64,792.22",0.14
0xa793a95f7e8c7df158d1f3d927e5a4c783154c15,63480.22957,317,2025-11-10,2025-11-17,"$63,480.23",0.14
0xe7e9c5b522c4dd83d9a6036358ba8e712ecda211,62312.71237,14,2025-11-25,2025-11-27,"$62,312.71",0.13
0x903b666d7e3a3357f0b41ad545c39a9529144d66,58550.298,9,2025-11-14,2025-11-24,"$58,550.30",0.13
0x9dd5d2a1687e3b1a7468d0c073d69edfac06b080,55273.27527,8,2025-12-01,2025-12-02,"$55,273.28",0.12
0x4ecb11ac8c02d812337896c5cb04a8463b7f6eaa,52738.23083,8,2025-11-14,2025-12-09,"$52,738.23",0.11
0xfa51ebe5b306812584521b434ab2b3ba9398d023,52532.529200000004,44,2025-11-07,2025-11-20,"$52,532.53",0.11
0x9956e76136f048075206c0e531af133c487d97cc,51973.482670000005,39,2025-11-17,2025-11-17,"$51,973.48",0.11
0x419efb3383465fd86f3eadb5826a299859e99442,50076.966960000005,2,2025-11-13,2025-11-13,"$50,076.97",0.11
0x1a2c3bb9e19f347c2c3d38583ebc6d8796e71d6b,49113.23968,46,2025-11-16,2025-12-26,"$49,113.24",0.11
0x412a39e4a709c386844a2296e1401f20feaf9926,47150.58736,57,2025-11-30,2025-12-19,"$47,150.59",0.1
0x71b72ce3e595c406cfe4560c15c74e55edf3bbfb,46461.349089999996,95,2025-11-13,2025-11-17,"$46,461.35",0.1
0x365739d7a148a1072afddd978a8d1d1f4fd3a5e8,45991.729999999996,4,2025-12-18,2025-12-18,"$45,991.73",0.1
0xc3a3bc675b0f0d55caa8cd60421672e35d1cc2a4,44919.49979,135,2025-11-27,2025-12-15,"$44,919.50",0.1
0x2c1973bcc506af4251c24f014e74950e560b2859,44089.95885,123,2025-12-14,2025-12-31,"$44,089.96",0.09
0xd85c5f0e6bfcdcf486de9867325aa74c756a27af,43758.66292,85,2025-11-25,2025-12-08,"$43,758.66",0.09
0x5dadee8f4f8a1f052629f0b4ef9092966bb14b30,43652.52483,14,2025-11-26,2025-11-26,"$43,652.52",0.09
0x9908471ccf692a9677df7312952f6ac7d7e5c490,40484.289292,147,2025-11-22,2025-12-16,"$40,484.29",0.09
0xaa56bdb539b9bf9f1d045db35bf0e7b25e58cd6a,40294.8573,94,2025-11-25,2025-12-25,"$40,294.86",0.09
0x05951577837ae456cdb8c3fad84666092372a87e,39524.933379,370,2025-11-13,2025-12-22,"$39,524.93",0.08
0x08c79535d37a5df5bbf736e88dbe51dd7405c4ed,38901.86091,32,2025-11-10,2025-11-13,"$38,901.86",0.08
0x1735205c82fd47b04f3cbd0ae4b71867cd0166bb,36863.21174,99,2025-11-15,2025-11-26,"$36,863.21",0.08
0xe488cc50f6b80ab7b6816cb7cf51883e96465abb,35562.04659,49,2025-11-16,2025-12-01,"$35,562.05",0.08
0x5ed893c24852aab90b880fa38598aeeb796229cb,32823.192032,218,2025-11-11,2025-11-26,"$32,823.19",0.07
0x3abf64c78e43ab5f52e4d524b98c3762eb2ca4e3,32725.11765,54,2025-11-17,2025-12-16,"$32,725.12",0.07
0x4debb335c6c943dddd9f99f3891ae58952ef0066,32365.27365,5,2025-11-11,2025-11-11,"$32,365.27",0.07
0xe0cbc464780ea51df35497f1044d1c389c670b61,32253.017010000003,19,2025-11-20,2025-12-15,"$32,253.02",0.07
0x319522f2e4cc2aa6b0b1a7956a91335e54f7b9e9,32221.08749,47,2025-11-16,2025-11-18,"$32,221.09",0.07
0x90314686469b2a2ae8cf4d26341232d1798c2989,31964.81141,73,2025-11-22,2025-12-22,"$31,964.81",0.07
0xe6a6bb007a467dfd13ade1d7cce43a4941216438,31062.98704,35,2025-11-07,2025-12-19,"$31,062.99",0.07
0x5a8fe2fb79264fbae8973e837a03601de9e64998,31035.26457,66,2025-11-18,2025-12-23,"$31,035.26",0.07
0xc48d1c8af34c1348875a0abcabb3f5af04321871,29885.135299999998,44,2025-11-29,2025-12-10,"$29,885.14",0.06
0x539841f8619aa3bef5f8a015e61a38f9f6be41d3,28891.772099,335,2025-12-11,2025-12-31,"$28,891.77",0.06
0xc20a5be4ce4d76e9059ab3848a7ca8f32578ccb2,28088.159200000002,57,2025-12-15,2025-12-31,"$28,088.16",0.06
0x1dda985b70ecb4e2bb3c97d8eea1e0b7a32243b3,27541.27728,68,2025-11-10,2025-12-04,"$27,541.28",0.06
0xe4588539c8bcc81192f023e45d90b950ef930468,27293.96706,28,2025-11-10,2025-11-10,"$27,293.97",0.06
0x5eb6145e134d132a01ac3ca5850c3425484ab741,27173.21794,22,2025-11-14,2025-11-25,"$27,173.22",0.06
0x82d0af94d6edc737cf97fec1e0d7d061c48f9bdc,26252.30302,21,2025-11-09,2025-11-14,"$26,252.30",0.06
0x6f1bd0a363f41f053488a6b1ee8dac48fcfd7ca5,25685.95275,12,2025-11-24,2025-11-25,"$25,685.95",0.06
0xf1dba34869f15e17408c36107b5a6565a037a6d1,25446.42873,66,2025-11-14,2025-11-22,"$25,446.43",0.05
0x4214b60eaadddbfc2e3a1e397eb40695e5ed0bba,25325.33221,37,2025-11-14,2025-11-19,"$25,325.33",0.05
0x648090fd0cd243d385efa31e5c5df0956463f41b,25251.052770000002,11,2025-11-18,2025-11-18,"$25,251.05",0.05
0x3d845702351f533f062254f96c0825a9363e5d9c,25239.903850000002,18,2025-11-13,2025-11-13,"$25,239.90",0.05
0x11584d3f34d02aa544dbc732eb3afd7ad4b72566,25034.04137,13,2025-11-10,2025-11-10,"$25,034.04",0.05
0x63da736e12c026365907a68530bcb36b31a15125,23241.15985,95,2025-11-14,2025-12-17,"$23,241.16",0.05
0xb4685c186cd63b7f36e2ca08c124cba1c3c77f11,22898.9367,15,2025-12-23,2025-12-30,"$22,898.94",0.05
0x00cfc037241b65bdf7bbc404d8571946eeab4e3d,21765.77084,10,2025-11-12,2025-11-13,"$21,765.77",0.05
0x84f7328c6261530fec80986baf1371686c574cb5,20817.766,310,2025-11-30,2025-12-31,"$20,817.77",0.04
0x60e40ec5c6d4ca8ebe0549aa4162119d7a453dc3,20804.04317,30,2025-12-12,2025-12-23,"$20,804.04",0.04
0xd94d7c9161bd91e26954c4bd8419e89dca5c6b64,20793.97855,16,2025-11-26,2025-12-24,"$20,793.98",0.04
0xd9e894cfbdd2debb292c7feb583eb44374e0facf,20396.2785,15,2025-12-30,2025-12-31,"$20,396.28",0.04
0x9fd13d0335e03f9bbe569f68d7070c8d0147ccb8,20342.246253999998,19,2025-12-08,2025-12-09,"$20,342.25",0.04
0x30f021359e7369a9007bfb2a97532cbd4bc09712,20307.1103,11,2025-11-23,2025-11-25,"$20,307.11",0.04
0xd0ed131710facd4d967579066b9a560173a4a98c,19851.821074,40,2025-11-18,2025-12-10,"$19,851.82",0.04
0xe064a3f7a135adcaa95844cc7418263377b9c5be,19751.66445,47,2025-11-08,2025-11-23,"$19,751.66",0.04
0x10f7ad33ae26de03343da98c05c629f047dad882,18893.38173,19,2025-11-26,2025-12-01,"$18,893.38",0.04
0x69647f1027b36c6bd62b812bfe6ab74e24e62d38,18675.9,8,2025-11-17,2025-11-17,"$18,675.90",0.04
0x451f5182a4d1040f7beaceffc08cada7e950db1b,17819.36258,18,2025-11-26,2025-12-02,"$17,819.36",0.04
0x3774372ed11524ec74bdfea3f94c5f6835b32b74,17637.608994000002,72,2025-11-18,2025-12-18,"$17,637.61",0.04
0xbff17081a09887d0020aa1fed6ea4b4a1b5cd4f5,17191.31105,47,2025-12-01,2025-12-29,"$17,191.31",0.04
0xd6779897449ed303588d18228f0498cf71fdaf82,15667.08931,23,2025-11-16,2025-11-20,"$15,667.09",0.03
0x5cb5e7450712e40b08980385d8770327782fe982,15174.888009999999,9,2025-11-18,2025-12-26,"$15,174.89",0.03
0xf5d11a21c41894861df66ebdf65596844f43a432,14904.31474,86,2025-11-20,2025-12-01,"$14,904.31",0.03
0x0e23233ae601f327bb9212a449039ea8b4152165,14806.68393,8,2025-11-18,2025-12-26,"$14,806.68",0.03
0xa5d55354257b5adfbab82f8612c6d90846d22805,14793.126124,37,2025-12-15,2025-12-31,"$14,793.13",0.03
0xedb8728821eaedc39cd306de0b2b09492fd3148e,14596.1191,35,2025-11-15,2025-11-16,"$14,596.12",0.03
0x852daaa378796d60aca9c9616921f2da99debd7c,14167.59487,32,2025-11-10,2025-11-14,"$14,167.59",0.03
0x035ecd3d114b3202d5a7e81dc300862876a7a699,13741.6363,13,2025-11-23,2025-11-23,"$13,741.64",0.03
0xc35949941a5da8d63b9c88143779fb2809974f28,13730.1005,68,2025-11-20,2025-12-08,"$13,730.10",0.03
0x25d26a6035309eacd4b22571ec1d07fa39ede709,13394.20624,37,2025-11-13,2025-11-21,"$13,394.21",0.03
0xe370eb0819f80b519b563fc60cede4c8310f3a81,12956.51955,36,2025-11-13,2025-11-15,"$12,956.52",0.03
0x3b952610ff26eba09584d01bc8f79f95c8bee71d,11962.03207,38,2025-11-24,2025-12-02,"$11,962.03",0.03
0x41167b0dbc948a2b98a64d84e924ed4f533fd354,11934.80374,14,2025-12-26,2025-12-28,"$11,934.80",0.03
0x3e6a8251c6d669fa912e215bac7afd5467386b90,11787.83771,23,2025-11-28,2025-11-28,"$11,787.84",0.03
0x76a2fa0317a00c786a37b72d37efdd5d62897ebd,11214.15814,24,2025-11-05,2025-11-18,"$11,214.16",0.02
0x01606eb75222dfda7b67bba24904c93570c348f4,11149.2572,4,2025-11-03,2025-11-03,"$11,149.26",0.02
0x6fa1d050324ee89ae13fe681db1e3f30030d8a01,11011.089530000001,4,2025-12-31,2025-12-31,"$11,011.09",0.02
0x902f99d5cd68719707eda807dc766b95d0d6240b,10712.76293957,122,2025-11-07,2025-12-29,"$10,712.76",0.02
0x6089ca500d5b3ca399cb2b6b78ed20144271a2d3,10464.24633,7,2025-12-03,2025-12-10,"$10,464.25",0.02
0xccfe9d17a27a7419b9d0094ead88028a3d19ecf1,10383.28956,29,2025-12-09,2025-12-29,"$10,383.29",0.02
0x4151247159540822a3f25ff819adfe3223038f45,10144.67122,16,2025-11-04,2025-11-20,"$10,144.67",0.02
0x0d749474fb8d78ccf2583cdf58ed67876ba5feef,10047.36248,43,2025-11-13,2025-12-01,"$10,047.36",0.02
0x2ebcf255a47f432b29c11c6a144655f16e30e8d3,9992.01624,6,2025-11-12,2025-11-12,"$9,992.02",0.02
0x90b83889a11bcbea7dc7e4bf4579bc547508037d,9938.24304,22,2025-11-22,2025-12-31,"$9,938.24",0.02
0x0bc87caaaa89d956d54dddbd2cc3568d38a1a9cc,9732.09227,37,2025-11-24,2025-12-01,"$9,732.09",0.02
0x8b593e0cea623575352e3068e586e470d4545da7,9501.961121,18,2025-11-13,2025-12-22,"$9,501.96",0.02
0x77e87eda1c5a7e6d085f17aef9a49a88d3132de2,9393.88856,34,2025-11-22,2025-12-26,"$9,393.89",0.02
0x1eb694e641d4739c890b39f53e771dc3f8dda24b,9164.88406,59,2025-11-17,2025-12-09,"$9,164.88",0.02
0xc55c56ffad69de60ef12c04f2245ee056fa376c1,8956.71326,28,2025-11-30,2025-12-12,"$8,956.71",0.02
0x9b5d49eb9f532b398ee954d25edde9f1ae56ec86,8822.390033,68,2025-11-10,2025-11-12,"$8,822.39",0.02
0x1f3b605b2ab5fd73e772f931d0d8a5308e9374ed,8624.302142,23,2025-11-13,2025-11-15,"$8,624.30",0.02
0x289c0926c2b310e1a9e02d76787263397acf2eca,7944.02565,11,2025-11-12,2025-11-28,"$7,944.03",0.02
0x52185a1d7e1190f1056b67a6b593781fdfc2b038,7867.561282,44,2025-11-14,2025-12-23,"$7,867.56",0.02
0x4952354b32c16fc1b5256dfe731605154f52fd16,7797.70601,6,2025-12-15,2025-12-16,"$7,797.71",0.02
0x1eeeae92ef2d3302f8254e632d954f704c34f1be,7527.518,7,2025-11-27,2025-11-27,"$7,527.52",0.02
0x5762e17746e037cdaedfba278efcc0f40d6ec4ee,7290.415120000001,11,2025-11-08,2025-12-01,"$7,290.42",0.02
0x7caace498122aec5231b8aeae7c89359e3a65216,7277.62069,11,2025-11-13,2025-11-17,"$7,277.62",0.02
0xbdb5d01f06f86e29c4ea0da8db7c9b41a206e529,7224.326467,38,2025-11-14,2025-11-19,"$7,224.33",0.02
0x91f38060513356c2842605a5676b0e639c2ba397,6741.955196,20,2025-11-24,2025-11-30,"$6,741.96",0.01
0xc4e3fa058b823eb0fd8bd5bbed4054ee137bbec3,6603.0135,38,2025-11-13,2025-12-19,"$6,603.01",0.01
0x719cec07768667055d9cdf1fcbb5cf2721c885fd,6530.9825,33,2025-11-22,2025-12-09,"$6,530.98",0.01
0x4ae3516e7632e96b3a93e8e8627ed71ab903d2ca,6386.76357,18,2025-11-14,2025-11-17,"$6,386.76",0.01
0xd3c40f3f254143006484c14eca35d1b00876d3b1,6355.68221,51,2025-11-18,2025-12-05,"$6,355.68",0.01
0x251d9a090f5390862556f3aa830a0aa2574dcffd,5977.2037199999995,3,2025-11-20,2025-11-20,"$5,977.20",0.01
0x131a6db65e6d0a4a6bff1fa4bd576fa747cd003f,5951.52841,26,2025-11-14,2025-12-23,"$5,951.53",0.01
0xe804ab73241ff93560098631b60aab06a86b23e1,5938.7562,12,2025-12-16,2025-12-31,"$5,938.76",0.01
0xabbccddd3e8b43675f715cd448eec9d1a8966f29,5691.300545,43,2025-11-20,2025-12-09,"$5,691.30",0.01
0x9cfda6a2ba39e0fda5bc066446cb70fc50e0c6af,5680.21847,55,2025-11-10,2025-11-11,"$5,680.22",0.01
0xe5f8190381e7e99d10ae1a534f173ba593d93d83,5555.7,10,2025-12-24,2025-12-31,"$5,555.70",0.01
0xa1df31e4b7a9f3d08b8ec2737c4e65fc9c40416e,5539.33,16,2025-11-17,2025-11-17,"$5,539.33",0.01
0xc2e4503552dace3156a286c57b736a91769b00ea,5353.712320000001,7,2025-11-25,2025-12-15,"$5,353.71",0.01
0xb0ad22114fc2b784ff7e720e86e9c17c47da2f63,5351.83606,24,2025-11-26,2025-12-14,"$5,351.84",0.01
0x9ddd450bef6978053147f85d26f6f3aa7ef4cdc8,5309.76258,25,2025-11-28,2025-11-28,"$5,309.76",0.01
0x98abf8cc3c4b65d0e224fcdc3aa93cb91dda21ae,5205.233679999999,8,2025-11-29,2025-12-13,"$5,205.23",0.01
0xfaa2c61f27b3c07ec57c820cc539a6720c23175d,5196.219747,29,2025-11-11,2025-11-17,"$5,196.22",0.01
0x5641ff255d7bf38e3a051648373f3000e4127bb5,5128.5624099999995,7,2025-11-10,2025-11-10,"$5,128.56",0.01
0x724d466501d188c49e94bfe7316021b037369b2c,4966.31331,40,2025-11-16,2025-12-12,"$4,966.31",0.01
0x2bfdffe77a0789756d3281b79bd63e1144fb42ba,4768.265,9,2025-11-26,2025-11-30,"$4,768.27",0.01
0x4665106ddd68d9a976dbf2293eaa910ab49959fa,4764.6945399999995,44,2025-11-15,2025-12-31,"$4,764.69",0.01
0xb6c4db7d0ea2e1b9c8b2294e1b468bfa77857d57,4714.79754,28,2025-11-13,2025-11-14,"$4,714.80",0.01
0x68c2e5883767e94358b25de72f0327f87cd49343,4693.449611,28,2025-11-11,2025-11-21,"$4,693.45",0.01
0x4e55eb74156400fb194ef71ecf68cee1dcf43868,4642.06552,7,2025-11-25,2025-11-26,"$4,642.07",0.01
0xd1eb0a1ae73efdc9d949060a36105c88bf9f60e3,4615.135026,21,2025-11-10,2025-11-27,"$4,615.14",0.01
0x20a2aec5e3556ca9939e5aff0d23a03365301f99,4480.70953,38,2025-12-03,2025-12-30,"$4,480.71",0.01
0x86a75851c7d0cad364c5a0ff3e948f3abca3325d,4464.85279,22,2025-11-10,2025-11-11,"$4,464.85",0.01
0xfa495abe0ca47f5efb38f1b19199f871def8994f,4335.5086360000005,33,2025-11-18,2025-12-15,"$4,335.51",0.01
0x212e49ef01f92f9daf81538cb35793b2452f0e14,4148.8485,11,2025-11-10,2025-11-10,"$4,148.85",0.01
0x6da4a4aa222de2b02a889793f055c49cbcdc9f7e,3963.8702000000003,6,2025-11-13,2025-11-13,"$3,963.87",0.01
0xe042706eb49738569f81a3658f00f7c934e18f96,3852.78689,99,2025-11-25,2025-12-31,"$3,852.79",0.01
0x37ca8e63d1739e8e3635775e3641f7bd58bbd7f7,3780.48957,50,2025-11-14,2025-11-21,"$3,780.49",0.01
0x7b8447e6d0be63f0be3885a51cbd8e711a938d54,3703.87911,44,2025-11-14,2025-11-24,"$3,703.88",0.01
0xe12fcc5c0bef1bf00729d76771a195c40491f57a,3675.139785,26,2025-11-17,2025-12-29,"$3,675.14",0.01
0x61aac316fe99f5d137ecc2482fb972c3e5ab93cb,3503.5646699999998,16,2025-11-10,2025-11-14,"$3,503.56",0.01
0xa56aa0c94ed9b5eff1c355f8639b74198d897513,3475.21733,9,2025-11-23,2025-11-29,"$3,475.22",0.01
0x6926389d54d1ea34b0179a88c3a0f2e336d6f029,3455.72747,13,2025-11-07,2025-12-03,"$3,455.73",0.01
0x3291d031c7eebe5fc8df6a17ceb28f36ee57addd,3132.0618000000004,5,2025-11-13,2025-11-13,"$3,132.06",0.01
0xf0e0e903aef0ccecc0b43f812d6fd6542712d122,3039.228,9,2025-11-10,2025-11-11,"$3,039.23",0.01
0xe3a9f46072467e53f4871bc8e2b5c1895e44b31f,2948.02006,13,2025-11-09,2025-11-18,"$2,948.02",0.01
0xe3029dcce7550a60d882e2ab0201f428484174c2,2830.682767,6,2025-11-17,2025-11-23,"$2,830.68",0.01
0x2463288a2725820f35c81433bdde358588b53689,2674.61569,15,2025-11-22,2025-12-01,"$2,674.62",0.01
0x907088ed9ab2f3284948d534b5b64534fb047809,2632.87448,12,2025-11-16,2025-11-16,"$2,632.87",0.01
0xeefb658270f236b2f728309b4dddded093db8ea6,2618.51498,70,2025-11-25,2025-12-10,"$2,618.51",0.01
0x031394ccbeedaffa7d5dd6348b4d229ad461e630,2538.92107,24,2025-11-14,2025-12-09,"$2,538.92",0.01
0xc75d85c81a53c71c257508376ad4756464547890,2480.50873,14,2025-11-26,2025-12-03,"$2,480.51",0.01
0xfaf2f4ed1d6e378221dfda48cb9f02c2ce954f0a,2415.10606,4,2025-11-13,2025-11-26,"$2,415.11",0.01
0x4926946feab4beab31888582259b5ed3d6528be9,2298.63679,8,2025-11-17,2025-12-03,"$2,298.64",0.0
0x510918c5efbfd5483bfcfb49b6f0f10ce5110b4a,2288.56288,9,2025-11-10,2025-11-21,"$2,288.56",0.0
0x2a6984c44d02b3e2a150eac09ce8199558059df5,2180.00988,16,2025-11-28,2025-12-11,"$2,180.01",0.0
0x761932bc6a5d0325b5146d66a01fff9df46a7a6d,2103.79679,6,2025-12-05,2025-12-09,"$2,103.80",0.0
0xa107f25627550297a4e3674ccc16a06d09b24f6b,2024.5713999999998,2,2025-12-01,2025-12-01,"$2,024.57",0.0
0xefff33d122270caa765896d9a5d40c203b463045,2009.81738,41,2025-11-10,2025-11-16,"$2,009.82",0.0
0x69fe31f6709fa8f77fabc1927f8daba560f99f97,1998.4263999999998,1,2025-11-14,2025-11-14,"$1,998.43",0.0
0xa22bcfccb303e09e2ed0096027ab8536c120573c,1996.6352000000002,2,2025-11-10,2025-11-10,"$1,996.64",0.0
0xbaf774102021891e0ae6504eee6a0a5a33c4bad9,1986.627755,49,2025-11-14,2025-12-18,"$1,986.63",0.0
0xee86ef1c406e31d333cb98d6507086f33aa17f00,1865.40672,5,2025-11-07,2025-11-08,"$1,865.41",0.0
0xd977e80cc274994550cca4fa22f12fa54eb238f6,1829.1886,12,2025-11-10,2025-12-03,"$1,829.19",0.0
0xb79070e8d555e89943b65ed65a43759c47c1208e,1796.0813799999999,25,2025-11-11,2025-12-31,"$1,796.08",0.0
0x3f4ebe62e990c1b97d2ec23ecac270060fad7365,1791.017409,42,2025-11-18,2025-12-17,"$1,791.02",0.0
0x8c8f4e97eabf3f3cf16434455914697b21b8835c,1785.23225,10,2025-11-20,2025-11-22,"$1,785.23",0.0
0x42e172016ccd8ce758628763e6e8067af280a854,1604.94196,6,2025-12-15,2025-12-15,"$1,604.94",0.0
0xa0b60319b4b4d1403e4d20e7c8e237d82c83c518,1537.28014,14,2025-11-11,2025-12-08,"$1,537.28",0.0
0x0bdb9df2b9323bf5240ff82511539a243b704681,1536.8283999999999,6,2025-11-14,2025-12-09,"$1,536.83",0.0
0x2c9287ea701c4c18a6ec2974dfe14623713791d1,1521.2283,4,2025-12-30,2025-12-30,"$1,521.23",0.0
0x6749c8773a5ba19a8478caadbe76f9b93e0ebdfb,1413.76329,79,2025-11-05,2025-12-30,"$1,413.76",0.0
0x3ca3717422156b42a8db744ad89331844d880bb4,1406.69744,4,2025-11-11,2025-11-14,"$1,406.70",0.0
0x6152badc85b0fdca336bec5d27cd5709e5cc8c83,1343.27604,3,2025-11-30,2025-12-01,"$1,343.28",0.0
0xe1547a627760ea034548734266785477d26c3cdc,1301.43798,2,2025-11-10,2025-11-10,"$1,301.44",0.0
0xd108c82b013079173431aa563171bf081058aea3,1215.12072,8,2025-11-16,2025-11-21,"$1,215.12",0.0
0x799ae0df7662601e5534147c0187c5377e9e0b60,1154.56166,31,2025-11-23,2025-12-23,"$1,154.56",0.0
0xb026233d48d407605b606b32b3ab6f02cedeca5e,1137.38212,7,2025-12-13,2025-12-28,"$1,137.38",0.0
0x2ceb402fb65fc0375cd9ccd2f64d33489421cd10,1123.04688,7,2025-12-25,2025-12-29,"$1,123.05",0.0
0x62ab8476bdbf7efc877aa5cc87d1d1b964063a4b,1111.2675199999999,7,2025-11-13,2025-11-26,"$1,111.27",0.0
0xf05b658a97313fc393f313f069f42aeec249c381,1103.15278,4,2025-12-23,2025-12-23,"$1,103.15",0.0
0x02e818e5b19e24300b7b70992534cc13248d0238,1101.537346,19,2025-12-03,2025-12-05,"$1,101.54",0.0
0x3d8bc9f5b1b91714d4cacde271597a8a8adeaa64,1008.0228,3,2025-12-11,2025-12-12,"$1,008.02",0.0
0x1a885ef29c2121db55fc82297a9fa9b0d450da0d,988.6967999999999,2,2025-11-14,2025-11-14,$988.70,0.0
0x98e409c13567554a35a03dbb30c08b6f8e86b79b,988.525,11,2025-11-14,2025-11-14,$988.52,0.0
0xce3dcb29e92be7966f6cf953ecb343016bb4af38,986.8622,4,2025-11-14,2025-11-14,$986.86,0.0
0xa1d4ea5cec4faea10c874344db6e973f432fdd63,986.79,2,2025-11-14,2025-11-14,$986.79,0.0
0x398e9f0089d3290530ae01b965be3fe03780e724,974.562556,6,2025-11-24,2025-12-27,$974.56,0.0
0x66fd1126c671fbf08658adffa9ae5f9389f0a410,887.5971094,9,2025-11-18,2025-11-18,$887.60,0.0
0x6ef9f53b7cae2a8764d7ef35a191782e02a936cc,886.23568,6,2025-11-25,2025-12-02,$886.24,0.0
0x8b4f6a86e228a7dbcfb0e2f0822188b5c09c8e32,879.4911,5,2025-11-10,2025-11-10,$879.49,0.0
0x593bbdeb8ecdc9940e98ff9e593bde1b1e25c8d8,871.6791000000001,11,2025-11-11,2025-12-18,$871.68,0.0
0x338f2e999b4d37c19e8bf11e7ac05fdbd2a8882d,861.621,5,2025-11-13,2025-11-20,$861.62,0.0
0x4c516ce4705a4edf8a07cfe1c7ffdd6160738423,842.99519,3,2025-12-15,2025-12-17,$843.00,0.0
0xbf9be7bcbda2f9c7796e0050ab653142431d3da0,838.5668000000001,8,2025-11-21,2025-12-01,$838.57,0.0
0x094ff48796efd43153daaf6c575c837ba5a64951,818.70611,9,2025-11-13,2025-11-15,$818.71,0.0
0x5b03af6d74a1e6a69938a257f0a62c8ccdb3f1d6,808.7549730000001,11,2025-11-14,2025-11-25,$808.75,0.0
0x3508614ffb4c07a3a3e3f8aaf89157fedcb110a7,798.6886499999999,5,2025-11-23,2025-11-23,$798.69,0.0
0x3a041ca83795dc1167fb7dc4cac995bf009c7911,761.6476819999999,9,2025-11-13,2025-12-31,$761.65,0.0
0x66e603d01833476265fa255e40210ae713043daa,730.1432199999999,11,2025-12-02,2025-12-02,$730.14,0.0
0x9c65be8970d15706ea15f825de8ab50491139059,716.7781,4,2025-11-04,2025-11-21,$716.78,0.0
0xce336d9f00c354da1a24058c9ce0ce3f54816e58,713.78826,7,2025-11-23,2025-12-27,$713.79,0.0
0x019790cc5c71c57aba56e6ebd4cc38a56d5c321e,703.27782,3,2025-11-14,2025-11-14,$703.28,0.0
0xcd56b7d9828e2e049c0659522d4d5c9791e8b78f,702.8064,7,2025-12-05,2025-12-05,$702.81,0.0
0xe548fb29a88bcae91a221a447b176b7f5b26f2ea,658.949344,24,2025-12-22,2025-12-24,$658.95,0.0
0x7cbaff0656ad73203e4a5ac7149df870e18eae92,614.303469,45,2025-11-06,2025-12-16,$614.30,0.0
0x003c59e1b6e47a99446bef2005e77286d5ef38e4,611.38994,4,2025-11-16,2025-11-18,$611.39,0.0
0xba80d5d3a50f69ade6ea61695931b081bfe91ba5,590.90041004,8,2025-11-12,2025-11-17,$590.90,0.0
0xc2bfa3707fb63b53025689b1bd0d1d8782a1b168,576.9218800000001,4,2025-11-11,2025-11-11,$576.92,0.0
0x0170917becc8552fc4b9444f26be914198f4116a,565.4713999999999,6,2025-11-17,2025-11-17,$565.47,0.0
0x75720bfec3fc22ed5687d7fa02a422eefa318b83,546.98492,7,2025-11-14,2025-11-20,$546.98,0.0
0xec5e299e85fe2bd053ecb4ea3bfb765d4d75cee7,538.3454099999999,8,2025-12-18,2025-12-19,$538.35,0.0
0xa4ab5235109722a32443633db99af3567d013c3c,505.38302,3,2025-11-17,2025-11-17,$505.38,0.0
0x0a73adda0b244e61f7f6462fa115d69c798e69b1,480.02913,3,2025-11-22,2025-11-24,$480.03,0.0
0xe742c85ac95d62eaa2c0cd99a793236a23fbbdc1,475.40089765,19,2025-12-22,2025-12-31,$475.40,0.0
0xf345ff390dae4cdef5b90dceeeda876215e69508,469.506,20,2025-11-10,2025-11-12,$469.51,0.0
0x00649ef11462d833d7723fca65b445aa41b129e8,450.58556,1,2025-11-11,2025-11-11,$450.59,0.0
0xd65244d60fa5025a902fcf074d8813c652f64147,412.36519,5,2025-11-21,2025-11-21,$412.37,0.0
0x4221ad1fbe2c8976ea9839a2fc13fb192185eaf3,404.86015000000003,5,2025-11-13,2025-11-26,$404.86,0.0
0x9ba1b614fa3f0d27280d9764482ad52cf5a518e5,398.82882000000006,2,2025-11-30,2025-11-30,$398.83,0.0
0x4872496558b8334a4d68dc6504e00889dba5254f,396.8718,3,2025-11-08,2025-11-08,$396.87,0.0
0x4c8e6fbd2b88a35e6e271e5e74689e4fffae6438,364.4221,2,2025-11-09,2025-11-26,$364.42,0.0
0x9ae154511c0b8dc206a5a490cc03cd70b7eab42e,357.21551999999997,2,2025-11-11,2025-11-11,$357.22,0.0
0x129b347e3c00ae34ae8d8411b3c7772f86e031e8,329.0528,3,2025-11-15,2025-11-16,$329.05,0.0
0x692987b4f2c1fdaf6de69f1b03b9f97710eeaae6,327.85302,8,2025-12-01,2025-12-12,$327.85,0.0
0xde135be95f3072e2239a128a6d74d31b60930e63,317.2821,12,2025-11-27,2025-11-28,$317.28,0.0
0xa095fcf0ebd2f95c46b652d13b1e7bfac9c7349d,292.9672,1,2025-12-29,2025-12-29,$292.97,0.0
0x0084e24c18bd681d9960b0d6d1e4a3acb21c9fd5,289.913423,21,2025-11-14,2025-12-08,$289.91,0.0
0xc644cf2ba7cda27d2a5ebc03639843c9b0d6395d,285.94197,8,2025-12-03,2025-12-16,$285.94,0.0
0xce170d4bcfe74af2c54ade3fc5a218930fc805b6,260.81656,15,2025-11-23,2025-11-26,$260.82,0.0
0x12f36461bb396852d663525e2b2d4dc5b215ad68,260.436982,10,2025-12-02,2025-12-02,$260.44,0.0
0x462198e7fd75056c39ca447b3bf02097ad4dfd65,245.27820000000003,3,2025-11-08,2025-11-11,$245.28,0.0
0x30b1e2d65bb52e37d78433aae12ade9768d5519e,232.04510000000002,1,2025-11-17,2025-11-17,$232.05,0.0
0x31d5d40c767cbd412be521697d4fb619e0ec5296,231.77676,15,2025-11-14,2025-11-14,$231.78,0.0
0xc2725140893562522eab4e3ae87e01f4508f621f,231.07888,3,2025-12-29,2025-12-29,$231.08,0.0
0x6fdf1cdc60abc0e50a0ca8111fe9055d7bd8565f,223.99751,4,2025-11-28,2025-11-29,$224.00,0.0
0x14a737bc82a89345c721e1e2fa94a111815281db,212.43599999999998,2,2025-12-19,2025-12-22,$212.44,0.0
0x7435822182ade8deacc3173144ae10c33fed839d,202.448,3,2025-12-17,2025-12-17,$202.45,0.0
0xaf8f455610e7b8a3cb01f03ef8f38fa40908d480,200.09945,2,2025-11-11,2025-11-11,$200.10,0.0
0x32c4f92e9c6a0af98789e146260bf7bdd5192fa2,189.55066,4,2025-11-10,2025-11-12,$189.55,0.0
0x1d80bfe90c17844368101a3108ed2b1070c24be0,188.369,2,2025-11-16,2025-11-16,$188.37,0.0
0xf2c490a9ae3e524727dbbbb0c041a2afeeda45e2,182.9851,1,2025-12-05,2025-12-05,$182.99,0.0
0x9a93e5e8c15360c9c20e074f25354201fe170f4c,179.76856,5,2025-11-14,2025-11-14,$179.77,0.0
0x32acd6299526bb24883c619cd0229fcbeb1f2a71,179.33021,7,2025-11-11,2025-11-18,$179.33,0.0
0xb8fc81f3424c7afc0d80e31cdac0210bf06ce104,176.41183999999998,3,2025-11-10,2025-11-20,$176.41,0.0
0x879199f3b20cd224fe73a7bfc15f0d383e0024e9,150.10700000000003,2,2025-12-18,2025-12-18,$150.11,0.0
0x78a8afddb3f42440e4808155a05d3be22d7a2b7f,117.31577999999999,10,2025-11-25,2025-11-26,$117.32,0.0
0x2c4b415a9f75644f4f5b094e526fefa82f4c052e,108.46776,2,2025-12-16,2025-12-16,$108.47,0.0
0x2600695216a29580088c145520291e27e31bdcaf,100.75434999999999,2,2025-11-22,2025-11-28,$100.75,0.0
0xd9ba9e1001a421231f31a95473eaf544c81be80a,99.3383,1,2025-11-24,2025-11-24,$99.34,0.0
0x24f6ceff44e348737825edd729f0995dfa1f3415,85.43887000000001,7,2025-11-13,2025-11-20,$85.44,0.0
0x5a7ff6ff1081ed789ad724b34c2175e03b220b53,64.82832,4,2025-11-20,2025-12-01,$64.83,0.0
0xb23bb1eaecb678fa0c7d4eb97b0658bc31edeefe,52.3723117,4,2025-12-30,2025-12-31,$52.37,0.0
0x8c03f83d177578a4e2ccaf77789cfb53687d190d,47.291799999999995,2,2025-11-14,2025-11-14,$47.29,0.0
0xbd85d2b56a5adcbb45fbff0a9e0e7ee9fcb885de,45.563900000000004,4,2025-12-16,2025-12-16,$45.56,0.0
0x3d654e77e5ff4e82a1fd326b625325b4b7a47e72,25.840000000000003,1,2025-11-12,2025-11-12,$25.84,0.0
0xd7f85211004dd05a32d9bcd6c28c73b5eb8731a2,25.546499999999995,2,2025-12-08,2025-12-08,$25.55,0.0
0x23da69cc3ceb2778a55c7eeda384fb59af52addf,24.72417,1,2025-11-20,2025-11-20,$24.72,0.0
0x2147d1ac22421a96ebbb73a942fbbe9deb209b2f,21.6555,2,2025-11-18,2025-11-18,$21.66,0.0
0x4315a3bd318e04c147951f9d241025cd4fad6306,10.89648,1,2025-11-30,2025-11-30,$10.90,0.0
0xb737e446e50bbe1984dc401ebee7fac73e3be81a,10.82719,1,2025-11-13,2025-11-13,$10.83,0.0
